{
    "prepare_queue": {
        "installed": [],
        "uninstalled": []
    },
    "config_munge": {
        "files": {
            "config.xml": {
                "parents": {
                    "/*": [
                        {
                            "xml": "<feature name=\"Console\"><param name=\"ios-package\" value=\"CDVLogger\" /></feature>",
                            "count": 1
                        },
                        {
                            "xml": "<feature name=\"Device\"><param name=\"ios-package\" value=\"CDVDevice\" /></feature>",
                            "count": 1
                        },
                        {
                            "xml": "<feature name=\"InAppBrowser\"><param name=\"ios-package\" value=\"CDVInAppBrowser\" /></feature>",
                            "count": 1
                        },
                        {
                            "xml": "<feature name=\"SplashScreen\"><param name=\"ios-package\" value=\"CDVSplashScreen\" /><param name=\"onload\" value=\"true\" /></feature>",
                            "count": 1
                        },
                        {
                            "xml": "<feature name=\"StatusBar\"><param name=\"ios-package\" value=\"CDVStatusBar\" /><param name=\"onload\" value=\"true\" /></feature>",
                            "count": 1
                        },
                        {
                            "xml": "<preference name=\"StatusBarOverlaysWebView\" value=\"true\" />",
                            "count": 1
                        },
                        {
                            "xml": "<preference name=\"StatusBarStyle\" value=\"lightcontent\" />",
                            "count": 1
                        },
                        {
                            "xml": "<feature name=\"CDVWKWebViewEngine\"><param name=\"ios-package\" value=\"CDVWKWebViewEngine\" /></feature>",
                            "count": 1
                        },
                        {
                            "xml": "<preference name=\"CordovaWebViewEngine\" value=\"CDVWKWebViewEngine\" />",
                            "count": 1
                        },
                        {
                            "xml": "<feature name=\"Keyboard\"><param name=\"ios-package\" onload=\"true\" value=\"IonicKeyboard\" /></feature>",
                            "count": 1
                        },
                        {
                            "xml": "<feature name=\"Camera\"><param name=\"ios-package\" value=\"CDVCamera\" /></feature>",
                            "count": 1
                        },
                        {
                            "xml": "<preference name=\"CameraUsesGeolocation\" value=\"false\" />",
                            "count": 1
                        },
                        {
                            "xml": "<feature name=\"File\"><param name=\"ios-package\" value=\"CDVFile\" /><param name=\"onload\" value=\"true\" /></feature>",
                            "count": 1
                        },
                        {
                            "xml": "<feature name=\"FileTransfer\"><param name=\"ios-package\" value=\"CDVFileTransfer\" /></feature>",
                            "count": 1
                        }
                    ]
                }
            },
            "*-Info.plist": {
                "parents": {
                    "NSCameraUsageDescription": [
                        {
                            "xml": "<string> </string>",
                            "count": 1
                        }
                    ],
                    "NSPhotoLibraryUsageDescription": [
                        {
                            "xml": "<string> </string>",
                            "count": 1
                        }
                    ],
                    "NSLocationWhenInUseUsageDescription": [
                        {
                            "xml": "<string />",
                            "count": 1
                        }
                    ]
                }
            }
        }
    },
    "installed_plugins": {
        "cordova-plugin-console": {
            "PACKAGE_NAME": "io.ionic.conferenceapp"
        },
        "cordova-plugin-crosswalk-webview": {
            "PACKAGE_NAME": "io.ionic.conferenceapp"
        },
        "cordova-plugin-device": {
            "PACKAGE_NAME": "io.ionic.conferenceapp"
        },
        "cordova-plugin-inappbrowser": {
            "PACKAGE_NAME": "io.ionic.conferenceapp"
        },
        "cordova-plugin-splashscreen": {
            "PACKAGE_NAME": "io.ionic.conferenceapp"
        },
        "cordova-plugin-statusbar": {
            "PACKAGE_NAME": "io.ionic.conferenceapp"
        },
        "cordova-plugin-whitelist": {
            "PACKAGE_NAME": "io.ionic.conferenceapp"
        },
        "cordova-plugin-wkwebview-engine": {
            "PACKAGE_NAME": "io.ionic.conferenceapp"
        },
        "ionic-plugin-keyboard": {
            "PACKAGE_NAME": "io.ionic.conferenceapp"
        },
        "cordova-plugin-compat": {
            "PACKAGE_NAME": "io.ionic.conferenceapp"
        },
        "cordova-plugin-camera": {
            "CAMERA_USAGE_DESCRIPTION": " ",
            "PHOTOLIBRARY_USAGE_DESCRIPTION": " ",
            "PACKAGE_NAME": "io.ionic.conferenceapp"
        },
        "com.megster.cordova.FileChooser": {
            "PACKAGE_NAME": "io.ionic.conferenceapp"
        },
        "cordova-plugin-file": {
            "PACKAGE_NAME": "io.ionic.conferenceapp"
        },
        "cordova-plugin-file-transfer": {
            "PACKAGE_NAME": "io.ionic.conferenceapp"
        }
    },
    "dependent_plugins": {},
    "modules": [
        {
            "id": "cordova-plugin-console.console",
            "file": "plugins/cordova-plugin-console/www/console-via-logger.js",
            "pluginId": "cordova-plugin-console",
            "clobbers": [
                "console"
            ]
        },
        {
            "id": "cordova-plugin-console.logger",
            "file": "plugins/cordova-plugin-console/www/logger.js",
            "pluginId": "cordova-plugin-console",
            "clobbers": [
                "cordova.logger"
            ]
        },
        {
            "id": "cordova-plugin-device.device",
            "file": "plugins/cordova-plugin-device/www/device.js",
            "pluginId": "cordova-plugin-device",
            "clobbers": [
                "device"
            ]
        },
        {
            "id": "cordova-plugin-inappbrowser.inappbrowser",
            "file": "plugins/cordova-plugin-inappbrowser/www/inappbrowser.js",
            "pluginId": "cordova-plugin-inappbrowser",
            "clobbers": [
                "cordova.InAppBrowser.open",
                "window.open"
            ]
        },
        {
            "id": "cordova-plugin-splashscreen.SplashScreen",
            "file": "plugins/cordova-plugin-splashscreen/www/splashscreen.js",
            "pluginId": "cordova-plugin-splashscreen",
            "clobbers": [
                "navigator.splashscreen"
            ]
        },
        {
            "id": "cordova-plugin-statusbar.statusbar",
            "file": "plugins/cordova-plugin-statusbar/www/statusbar.js",
            "pluginId": "cordova-plugin-statusbar",
            "clobbers": [
                "window.StatusBar"
            ]
        },
        {
            "id": "cordova-plugin-wkwebview-engine.ios-wkwebview-exec",
            "file": "plugins/cordova-plugin-wkwebview-engine/src/www/ios/ios-wkwebview-exec.js",
            "pluginId": "cordova-plugin-wkwebview-engine",
            "clobbers": [
                "cordova.exec"
            ]
        },
        {
            "id": "ionic-plugin-keyboard.keyboard",
            "file": "plugins/ionic-plugin-keyboard/www/ios/keyboard.js",
            "pluginId": "ionic-plugin-keyboard",
            "clobbers": [
                "cordova.plugins.Keyboard"
            ],
            "runs": true
        },
        {
            "id": "cordova-plugin-camera.Camera",
            "file": "plugins/cordova-plugin-camera/www/CameraConstants.js",
            "pluginId": "cordova-plugin-camera",
            "clobbers": [
                "Camera"
            ]
        },
        {
            "id": "cordova-plugin-camera.CameraPopoverOptions",
            "file": "plugins/cordova-plugin-camera/www/CameraPopoverOptions.js",
            "pluginId": "cordova-plugin-camera",
            "clobbers": [
                "CameraPopoverOptions"
            ]
        },
        {
            "id": "cordova-plugin-camera.camera",
            "file": "plugins/cordova-plugin-camera/www/Camera.js",
            "pluginId": "cordova-plugin-camera",
            "clobbers": [
                "navigator.camera"
            ]
        },
        {
            "id": "cordova-plugin-camera.CameraPopoverHandle",
            "file": "plugins/cordova-plugin-camera/www/ios/CameraPopoverHandle.js",
            "pluginId": "cordova-plugin-camera",
            "clobbers": [
                "CameraPopoverHandle"
            ]
        },
        {
            "id": "com.megster.cordova.FileChooser.FileChooser",
            "file": "plugins/com.megster.cordova.FileChooser/www/fileChooser.js",
            "pluginId": "com.megster.cordova.FileChooser",
            "clobbers": [
                "fileChooser"
            ]
        },
        {
            "id": "cordova-plugin-file.DirectoryEntry",
            "file": "plugins/cordova-plugin-file/www/DirectoryEntry.js",
            "pluginId": "cordova-plugin-file",
            "clobbers": [
                "window.DirectoryEntry"
            ]
        },
        {
            "id": "cordova-plugin-file.DirectoryReader",
            "file": "plugins/cordova-plugin-file/www/DirectoryReader.js",
            "pluginId": "cordova-plugin-file",
            "clobbers": [
                "window.DirectoryReader"
            ]
        },
        {
            "id": "cordova-plugin-file.Entry",
            "file": "plugins/cordova-plugin-file/www/Entry.js",
            "pluginId": "cordova-plugin-file",
            "clobbers": [
                "window.Entry"
            ]
        },
        {
            "id": "cordova-plugin-file.File",
            "file": "plugins/cordova-plugin-file/www/File.js",
            "pluginId": "cordova-plugin-file",
            "clobbers": [
                "window.File"
            ]
        },
        {
            "id": "cordova-plugin-file.FileEntry",
            "file": "plugins/cordova-plugin-file/www/FileEntry.js",
            "pluginId": "cordova-plugin-file",
            "clobbers": [
                "window.FileEntry"
            ]
        },
        {
            "id": "cordova-plugin-file.FileError",
            "file": "plugins/cordova-plugin-file/www/FileError.js",
            "pluginId": "cordova-plugin-file",
            "clobbers": [
                "window.FileError"
            ]
        },
        {
            "id": "cordova-plugin-file.FileReader",
            "file": "plugins/cordova-plugin-file/www/FileReader.js",
            "pluginId": "cordova-plugin-file",
            "clobbers": [
                "window.FileReader"
            ]
        },
        {
            "id": "cordova-plugin-file.FileSystem",
            "file": "plugins/cordova-plugin-file/www/FileSystem.js",
            "pluginId": "cordova-plugin-file",
            "clobbers": [
                "window.FileSystem"
            ]
        },
        {
            "id": "cordova-plugin-file.FileUploadOptions",
            "file": "plugins/cordova-plugin-file/www/FileUploadOptions.js",
            "pluginId": "cordova-plugin-file",
            "clobbers": [
                "window.FileUploadOptions"
            ]
        },
        {
            "id": "cordova-plugin-file.FileUploadResult",
            "file": "plugins/cordova-plugin-file/www/FileUploadResult.js",
            "pluginId": "cordova-plugin-file",
            "clobbers": [
                "window.FileUploadResult"
            ]
        },
        {
            "id": "cordova-plugin-file.FileWriter",
            "file": "plugins/cordova-plugin-file/www/FileWriter.js",
            "pluginId": "cordova-plugin-file",
            "clobbers": [
                "window.FileWriter"
            ]
        },
        {
            "id": "cordova-plugin-file.Flags",
            "file": "plugins/cordova-plugin-file/www/Flags.js",
            "pluginId": "cordova-plugin-file",
            "clobbers": [
                "window.Flags"
            ]
        },
        {
            "id": "cordova-plugin-file.LocalFileSystem",
            "file": "plugins/cordova-plugin-file/www/LocalFileSystem.js",
            "pluginId": "cordova-plugin-file",
            "clobbers": [
                "window.LocalFileSystem"
            ],
            "merges": [
                "window"
            ]
        },
        {
            "id": "cordova-plugin-file.Metadata",
            "file": "plugins/cordova-plugin-file/www/Metadata.js",
            "pluginId": "cordova-plugin-file",
            "clobbers": [
                "window.Metadata"
            ]
        },
        {
            "id": "cordova-plugin-file.ProgressEvent",
            "file": "plugins/cordova-plugin-file/www/ProgressEvent.js",
            "pluginId": "cordova-plugin-file",
            "clobbers": [
                "window.ProgressEvent"
            ]
        },
        {
            "id": "cordova-plugin-file.fileSystems",
            "file": "plugins/cordova-plugin-file/www/fileSystems.js",
            "pluginId": "cordova-plugin-file"
        },
        {
            "id": "cordova-plugin-file.requestFileSystem",
            "file": "plugins/cordova-plugin-file/www/requestFileSystem.js",
            "pluginId": "cordova-plugin-file",
            "clobbers": [
                "window.requestFileSystem"
            ]
        },
        {
            "id": "cordova-plugin-file.resolveLocalFileSystemURI",
            "file": "plugins/cordova-plugin-file/www/resolveLocalFileSystemURI.js",
            "pluginId": "cordova-plugin-file",
            "merges": [
                "window"
            ]
        },
        {
            "id": "cordova-plugin-file.isChrome",
            "file": "plugins/cordova-plugin-file/www/browser/isChrome.js",
            "pluginId": "cordova-plugin-file",
            "runs": true
        },
        {
            "id": "cordova-plugin-file.iosFileSystem",
            "file": "plugins/cordova-plugin-file/www/ios/FileSystem.js",
            "pluginId": "cordova-plugin-file",
            "merges": [
                "FileSystem"
            ]
        },
        {
            "id": "cordova-plugin-file.fileSystems-roots",
            "file": "plugins/cordova-plugin-file/www/fileSystems-roots.js",
            "pluginId": "cordova-plugin-file",
            "runs": true
        },
        {
            "id": "cordova-plugin-file.fileSystemPaths",
            "file": "plugins/cordova-plugin-file/www/fileSystemPaths.js",
            "pluginId": "cordova-plugin-file",
            "merges": [
                "cordova"
            ],
            "runs": true
        },
        {
            "id": "cordova-plugin-file-transfer.FileTransferError",
            "file": "plugins/cordova-plugin-file-transfer/www/FileTransferError.js",
            "pluginId": "cordova-plugin-file-transfer",
            "clobbers": [
                "window.FileTransferError"
            ]
        },
        {
            "id": "cordova-plugin-file-transfer.FileTransfer",
            "file": "plugins/cordova-plugin-file-transfer/www/FileTransfer.js",
            "pluginId": "cordova-plugin-file-transfer",
            "clobbers": [
                "window.FileTransfer"
            ]
        }
    ],
    "plugin_metadata": {
        "cordova-plugin-console": "1.0.5",
        "cordova-plugin-crosswalk-webview": "2.2.0",
        "cordova-plugin-device": "1.1.4",
        "cordova-plugin-inappbrowser": "1.4.0",
        "cordova-plugin-splashscreen": "4.0.2",
        "cordova-plugin-statusbar": "2.2.1",
        "cordova-plugin-whitelist": "1.3.1",
        "cordova-plugin-wkwebview-engine": "1.1.3-dev",
        "ionic-plugin-keyboard": "2.2.1",
        "cordova-plugin-compat": "1.1.0",
        "cordova-plugin-camera": "2.4.0",
        "com.megster.cordova.FileChooser": "0.0.0",
        "cordova-plugin-file": "4.3.3",
        "cordova-plugin-file-transfer": "1.6.3"
    }
}